order_id,order_date,customer_id,order_channel,order_status,total_items,total_order_value
1,2025-06-17,1,WhatsApp,Completed,2,2000
2,2024-12-30,1,Website,Completed,1,1000
3,2025-04-23,1,Instagram,Completed,4,940
4,2025-06-04,1,Instagram,Completed,2,400
5,2025-11-06,4,Website,Completed,4,2360
6,2025-08-22,4,WhatsApp,Completed,1,290
7,2025-09-01,5,WhatsApp,Completed,3,650
8,2026-01-25,6,WhatsApp,Completed,1,350
9,2025-12-29,6,Instagram,Completed,3,600
10,2025-09-19,7,Instagram,Completed,4,1170
11,2025-11-14,7,Website,Completed,2,720
12,2025-12-28,7,Instagram,Completed,1,200
13,2025-07-16,8,Instagram,Completed,1,250
14,2025-04-13,8,Instagram,Completed,1,300
15,2025-08-11,8,WhatsApp,Completed,2,500
16,2025-10-31,9,Website,Completed,1,200
17,2025-10-31,9,Website,Completed,2,330
18,2025-12-21,9,Instagram,Completed,3,610
19,2025-03-06,10,WhatsApp,Completed,1,300
20,2024-10-07,10,Website,Completed,1,300
21,2025-10-23,10,WhatsApp,Completed,1,360
22,2025-11-12,10,Website,Completed,2,720
23,2025-01-01,10,Website,Completed,1,180
24,2024-12-14,11,WhatsApp,Completed,1,360
25,2024-03-31,12,WhatsApp,Completed,2,100
26,2024-05-27,13,Website,Completed,2,100
27,2024-05-05,13,Website,Completed,2,400
28,2024-06-09,13,Instagram,Completed,1,50
29,2025-07-06,13,Website,Completed,3,600
30,2025-10-22,14,Instagram,Completed,2,480
31,2026-01-02,14,WhatsApp,Completed,1,70
32,2025-12-19,15,WhatsApp,Completed,2,540
33,2025-12-15,15,WhatsApp,Completed,2,100
34,2025-11-07,15,WhatsApp,Completed,1,220
35,2025-10-26,15,Website,Completed,5,1350
36,2024-09-27,16,Website,Completed,2,400
37,2025-12-01,17,Instagram,Completed,2,400
38,2024-11-08,17,WhatsApp,Completed,2,400
39,2025-05-12,18,Website,Completed,2,720
40,2025-08-09,18,Instagram,Completed,3,560
41,2024-07-06,19,Instagram,Completed,2,460
42,2024-10-14,19,WhatsApp,Completed,4,1370
43,2025-02-23,19,Instagram,Completed,3,760
44,2024-09-03,19,WhatsApp,Completed,4,1000
45,2025-05-05,19,Instagram,Completed,3,630
46,2025-07-14,19,Instagram,Completed,2,400
47,2025-12-01,20,Website,Completed,2,540
48,2025-12-05,20,Instagram,Completed,1,200
49,2025-11-09,20,WhatsApp,Completed,4,650
50,2026-01-19,20,WhatsApp,Completed,3,830
51,2025-10-10,21,Website,Completed,4,640
52,2025-11-02,22,Instagram,Completed,1,200
53,2025-10-03,22,WhatsApp,Completed,1,180
54,2025-12-25,22,WhatsApp,Completed,5,1680
55,2025-10-21,22,WhatsApp,Completed,3,600
56,2025-12-15,22,Instagram,Completed,4,870
57,2025-11-05,23,Instagram,Completed,3,1400
58,2025-10-29,23,Website,Completed,3,600
59,2025-12-19,23,Website,Completed,1,300
60,2025-10-18,23,Website,Completed,1,150
61,2025-12-28,23,Website,Completed,1,200
62,2026-01-02,23,Instagram,Completed,1,150
63,2025-07-20,23,Instagram,Completed,4,900
64,2026-01-20,23,WhatsApp,Completed,1,50
65,2025-10-10,24,Website,Completed,1,200
66,2024-12-29,25,Website,Completed,4,540
67,2025-02-13,26,Website,Completed,1,290
68,2024-09-24,26,Website,Completed,1,70
69,2024-11-14,26,WhatsApp,Completed,2,400
70,2025-05-06,26,Instagram,Completed,2,580
71,2025-05-22,27,Instagram,Completed,4,590
72,2025-11-05,28,Website,Completed,5,1440
73,2024-01-09,29,WhatsApp,Completed,1,225
74,2024-04-12,29,Instagram,Completed,3,340
75,2024-07-09,29,WhatsApp,Completed,1,1000
76,2024-11-25,29,WhatsApp,Completed,3,3000
77,2025-12-10,29,Website,Completed,3,720
78,2024-12-06,29,Instagram,Completed,1,180
79,2024-02-14,29,Instagram,Completed,4,1180
80,2025-05-30,29,WhatsApp,Completed,1,200
81,2024-09-06,29,Website,Completed,1,150
82,2024-10-25,30,Website,Completed,3,770
83,2025-06-26,30,Website,Completed,2,800
84,2025-08-31,30,Website,Completed,1,70
85,2024-10-09,31,Instagram,Completed,4,900
86,2025-05-06,31,Instagram,Completed,1,220
87,2025-12-11,32,Website,Completed,3,600
88,2026-01-22,32,Website,Completed,1,350
89,2025-09-16,33,Instagram,Completed,1,230
90,2025-10-08,33,Website,Completed,3,870
91,2025-05-29,34,Website,Completed,3,750
92,2025-06-26,34,Website,Completed,2,580
93,2025-06-13,34,WhatsApp,Completed,4,1120
94,2026-01-02,35,Website,Completed,3,380
95,2024-07-18,36,Instagram,Completed,2,2000
96,2025-04-06,36,Instagram,Completed,2,440
97,2025-11-01,37,Instagram,Completed,1,350
98,2026-01-21,37,Website,Completed,2,500
99,2025-11-05,38,Website,Completed,2,400
100,2025-11-27,38,WhatsApp,Completed,2,480
101,2025-12-31,38,Instagram,Completed,2,720
102,2025-07-10,39,WhatsApp,Completed,2,400
103,2025-11-25,39,WhatsApp,Completed,2,100
104,2025-07-31,40,Website,Completed,1,80
105,2025-09-17,40,Website,Completed,2,400
106,2025-07-29,41,WhatsApp,Completed,1,360
107,2025-07-31,41,Instagram,Completed,4,540
108,2025-07-21,42,Website,Completed,1,70
109,2024-07-03,43,Instagram,Completed,1,1000
110,2025-07-07,43,Instagram,Completed,2,480
111,2025-10-18,43,Website,Completed,1,225
112,2025-05-01,43,Instagram,Completed,2,350
113,2025-04-07,43,Instagram,Completed,3,820
114,2025-10-30,44,WhatsApp,Completed,3,530
115,2025-06-12,44,Website,Completed,3,650
116,2025-11-11,44,WhatsApp,Completed,2,510
117,2026-01-26,46,WhatsApp,Completed,2,140
118,2025-12-11,46,Website,Completed,1,350
119,2025-12-20,46,Website,Completed,5,880
120,2026-01-03,46,Website,Completed,1,400
121,2025-06-19,47,Website,Completed,2,440
122,2024-11-17,47,Instagram,Completed,2,540
123,2025-04-13,47,Instagram,Completed,1,350
124,2025-11-15,47,Instagram,Completed,2,500
125,2025-12-28,48,WhatsApp,Completed,3,480
126,2025-12-24,48,Instagram,Completed,3,780
127,2025-12-25,48,Website,Completed,2,1240
128,2025-05-01,49,WhatsApp,Completed,2,800
129,2025-10-10,49,Instagram,Completed,4,460
130,2025-05-18,49,Instagram,Completed,1,80
131,2024-08-11,50,Instagram,Completed,1,230
132,2025-07-26,51,Instagram,Completed,1,350
133,2025-08-01,51,Website,Completed,2,300
134,2025-07-12,53,WhatsApp,Completed,2,800
135,2025-10-29,53,Instagram,Completed,1,70
136,2025-05-27,54,Website,Completed,2,300
137,2025-12-30,55,Instagram,Completed,2,510
138,2025-12-20,55,Instagram,Completed,4,1000
139,2026-01-16,55,Instagram,Completed,3,725
140,2025-11-23,56,WhatsApp,Completed,2,300
141,2025-08-28,57,Instagram,Completed,3,850
142,2025-02-01,58,Instagram,Completed,3,1200
143,2025-08-09,58,Website,Completed,3,550
144,2024-12-28,58,WhatsApp,Completed,4,2580
145,2025-11-14,58,WhatsApp,Completed,2,400
146,2025-03-01,59,WhatsApp,Completed,2,470
147,2025-02-23,59,Website,Completed,1,150
148,2024-10-15,60,WhatsApp,Completed,4,740
149,2025-09-06,60,Website,Completed,1,225
150,2024-08-24,60,Website,Completed,2,380
151,2025-06-01,60,WhatsApp,Completed,3,890
152,2024-08-21,61,Instagram,Completed,1,200
153,2025-10-16,61,Instagram,Completed,1,220
154,2024-12-01,61,WhatsApp,Completed,3,750
155,2024-12-17,61,WhatsApp,Completed,2,400
156,2025-06-04,62,Website,Completed,1,200
157,2025-09-22,62,Website,Completed,1,240
158,2025-01-04,62,Instagram,Completed,2,360
159,2025-07-14,62,Instagram,Completed,3,870
160,2025-12-19,63,Website,Completed,1,290
161,2025-09-03,63,Instagram,Completed,1,150
162,2025-07-02,64,Website,Completed,2,800
163,2024-08-09,64,WhatsApp,Completed,2,100
164,2026-01-14,64,Instagram,Completed,4,840
165,2024-11-01,64,Instagram,Completed,2,600
166,2026-01-23,65,WhatsApp,Completed,1,270
167,2026-01-26,65,WhatsApp,Completed,2,440
168,2026-01-21,65,WhatsApp,Completed,1,200
169,2025-06-15,66,Website,Completed,2,540
170,2025-05-23,66,Website,Completed,2,570
171,2024-11-14,67,Instagram,Completed,3,700
172,2025-03-12,68,Instagram,Completed,1,80
173,2025-07-08,68,WhatsApp,Completed,2,300
174,2025-11-21,68,WhatsApp,Completed,2,720
175,2025-04-10,68,Instagram,Completed,2,360
176,2025-01-19,69,Instagram,Completed,1,1000
177,2024-08-03,69,WhatsApp,Completed,2,400
178,2025-03-08,69,Instagram,Completed,1,150
179,2025-03-25,70,WhatsApp,Completed,2,420
180,2025-05-10,70,Website,Completed,1,350
181,2025-03-02,70,WhatsApp,Completed,1,150
182,2025-03-31,70,Instagram,Completed,1,70
183,2025-11-23,71,Instagram,Completed,2,500
184,2026-01-06,71,WhatsApp,Completed,3,350
185,2025-10-19,71,Website,Completed,2,700
186,2025-07-24,71,Instagram,Completed,1,225
187,2025-12-29,72,Instagram,Completed,2,480
188,2025-11-27,72,WhatsApp,Completed,1,200
189,2025-09-10,72,WhatsApp,Completed,1,400
190,2025-06-24,72,WhatsApp,Completed,1,400
191,2025-09-30,72,Instagram,Completed,1,200
192,2025-06-24,72,WhatsApp,Completed,2,300
193,2025-11-17,72,Instagram,Completed,3,780
194,2025-12-13,72,Instagram,Completed,4,2580
195,2025-08-23,72,Website,Completed,1,80
196,2026-01-12,73,Instagram,Completed,2,580
197,2026-01-18,73,Website,Completed,2,800
198,2025-12-22,73,WhatsApp,Completed,2,600
199,2025-06-08,74,Instagram,Completed,2,160
200,2024-12-21,74,Website,Completed,1,300
201,2025-11-02,75,Website,Completed,2,160
202,2025-08-20,75,Instagram,Completed,4,240
203,2026-01-08,77,WhatsApp,Completed,1,240
204,2025-12-18,77,WhatsApp,Completed,3,790
205,2025-12-14,78,Instagram,Completed,1,180
206,2025-11-22,78,Website,Completed,3,3000
207,2025-11-26,78,WhatsApp,Completed,2,540
208,2025-03-15,79,Website,Completed,3,930
209,2025-07-10,80,Website,Completed,2,140
210,2025-04-16,80,Instagram,Completed,2,425
211,2025-12-24,80,Website,Completed,3,3000
212,2025-11-19,80,WhatsApp,Completed,5,1660
213,2024-10-22,81,WhatsApp,Completed,3,1400
214,2024-10-28,81,Website,Completed,2,440
215,2025-11-21,82,Instagram,Completed,3,2200
216,2025-01-10,83,WhatsApp,Completed,1,350
217,2025-11-28,85,Instagram,Completed,2,300
218,2025-12-15,85,Instagram,Completed,1,200
219,2025-11-15,86,Instagram,Completed,2,600
220,2024-12-15,86,Website,Completed,4,1150
221,2025-07-09,86,WhatsApp,Completed,1,300
222,2024-11-16,86,Website,Completed,3,230
223,2025-04-06,86,Instagram,Completed,2,350
224,2026-01-01,87,Instagram,Completed,2,400
225,2025-12-08,87,WhatsApp,Completed,3,510
226,2025-12-30,87,Website,Completed,2,140
227,2025-11-30,88,Website,Completed,3,1080
228,2025-11-14,88,Instagram,Completed,5,1270
229,2025-11-29,88,Instagram,Completed,2,800
230,2024-12-19,89,Instagram,Completed,3,870
231,2026-01-27,90,Instagram,Completed,1,200
232,2026-01-24,90,Instagram,Completed,3,640
233,2026-01-13,90,Website,Completed,1,240
234,2025-12-27,92,WhatsApp,Completed,3,900
235,2025-11-07,92,Instagram,Completed,3,530
236,2026-01-14,92,Website,Completed,2,100
237,2025-08-19,92,Website,Completed,3,1700
238,2025-07-16,93,WhatsApp,Completed,3,1150
239,2025-10-13,93,WhatsApp,Completed,3,870
240,2025-10-26,93,WhatsApp,Completed,4,900
241,2025-12-19,94,Instagram,Completed,4,500
242,2025-12-28,94,WhatsApp,Completed,4,1120
243,2025-12-26,94,WhatsApp,Completed,3,610
244,2025-10-02,95,Instagram,Completed,2,800
245,2025-12-22,95,Website,Completed,4,950
246,2024-10-26,96,Instagram,Completed,2,450
247,2024-12-01,96,Website,Completed,4,700
248,2025-10-14,96,Instagram,Completed,2,230
249,2025-06-02,96,Instagram,Completed,1,70
250,2025-08-22,98,Instagram,Completed,1,200
251,2025-11-23,98,WhatsApp,Completed,2,800
252,2026-01-15,98,WhatsApp,Completed,4,980
253,2025-10-31,98,WhatsApp,Completed,4,880
254,2025-09-25,99,Website,Completed,3,850
255,2025-12-13,99,WhatsApp,Completed,2,600
256,2025-11-26,99,WhatsApp,Completed,1,80
257,2024-07-24,100,WhatsApp,Completed,2,600
258,2024-09-21,100,Website,Completed,4,560
259,2026-01-01,100,WhatsApp,Completed,2,440
260,2025-09-26,100,Instagram,Completed,1,180
261,2024-05-28,100,Website,Completed,1,270
262,2025-07-07,100,Instagram,Completed,1,225
263,2025-05-05,100,WhatsApp,Completed,4,560
264,2026-01-12,101,WhatsApp,Completed,1,220
265,2026-01-19,101,Website,Completed,2,540
266,2026-01-26,101,Instagram,Completed,2,450
267,2026-01-24,101,Instagram,Completed,1,350
268,2026-01-16,101,WhatsApp,Completed,4,1080
269,2026-01-08,101,Instagram,Completed,2,400
270,2026-01-11,101,WhatsApp,Completed,3,585
271,2026-01-13,101,Instagram,Completed,1,270
272,2026-01-19,101,WhatsApp,Completed,3,760
273,2024-11-04,102,Website,Completed,4,740
274,2024-09-19,102,WhatsApp,Completed,2,600
275,2025-09-27,102,Instagram,Completed,2,1240
276,2024-07-17,102,Website,Completed,3,560
277,2024-12-01,102,WhatsApp,Completed,1,290
278,2025-12-19,102,WhatsApp,Completed,1,300
279,2025-03-12,103,Website,Completed,2,480
280,2025-10-18,103,WhatsApp,Completed,3,600
281,2025-08-31,103,Instagram,Completed,2,140
282,2025-09-05,103,Website,Completed,3,510
283,2025-08-09,103,Instagram,Completed,2,100
284,2024-11-22,104,Instagram,Completed,2,540
285,2025-05-14,104,WhatsApp,Completed,4,810
286,2024-11-16,104,WhatsApp,Completed,2,540
287,2024-10-10,104,WhatsApp,Completed,4,1380
288,2024-09-18,104,Instagram,Completed,1,350
289,2026-01-26,105,Instagram,Completed,1,50
290,2026-01-27,105,Instagram,Completed,4,590
291,2025-12-01,106,WhatsApp,Completed,2,160
292,2025-02-09,106,Website,Completed,3,750
293,2024-11-19,106,WhatsApp,Completed,3,560
294,2025-11-09,107,Website,Completed,1,200
295,2025-06-07,107,Instagram,Completed,3,850
296,2025-07-14,107,Instagram,Completed,4,1100
297,2025-03-22,107,WhatsApp,Completed,2,400
298,2025-08-20,107,Instagram,Completed,2,500
299,2026-01-17,107,Website,Completed,1,200
300,2025-01-27,108,WhatsApp,Completed,2,400
301,2024-12-18,108,Website,Completed,3,2225
302,2026-01-16,109,Instagram,Completed,3,740
303,2025-12-16,110,WhatsApp,Completed,1,400
304,2025-05-14,112,Website,Completed,4,1040
305,2026-01-04,112,Instagram,Completed,1,200
306,2025-02-16,112,Instagram,Completed,2,540
307,2025-08-25,112,Website,Completed,2,540
308,2025-05-29,112,WhatsApp,Completed,2,540
309,2025-08-14,113,Instagram,Completed,1,200
310,2026-01-20,113,Website,Completed,1,50
311,2025-06-28,113,Website,Completed,1,150
312,2025-07-09,113,Instagram,Completed,2,140
313,2025-07-19,113,Website,Completed,2,300
314,2024-11-11,114,Website,Completed,2,600
315,2025-08-16,114,Website,Completed,2,400
316,2025-12-24,114,Website,Completed,1,350
317,2025-06-08,114,Website,Completed,2,300
318,2025-04-08,114,Website,Completed,2,500
319,2025-09-25,116,Website,Completed,3,570
320,2025-03-18,116,Website,Completed,1,200
321,2024-08-29,116,Website,Completed,4,1000
322,2024-09-24,116,Instagram,Completed,3,300
323,2025-09-19,117,Instagram,Completed,1,200
324,2025-06-26,117,WhatsApp,Completed,2,480
325,2024-10-27,117,Instagram,Completed,2,500
326,2025-10-27,118,Website,Completed,2,400
327,2026-01-07,119,Instagram,Completed,2,720
328,2026-01-05,119,Website,Completed,1,240
329,2026-01-19,119,WhatsApp,Completed,2,300
330,2025-12-01,119,WhatsApp,Completed,2,460
331,2026-01-09,120,Instagram,Completed,2,480
332,2025-09-03,120,WhatsApp,Completed,3,610
333,2024-06-21,121,WhatsApp,Completed,2,440
334,2024-07-04,121,Website,Completed,1,240
335,2024-06-23,121,WhatsApp,Completed,2,200
336,2025-07-20,122,Website,Completed,4,780
337,2025-12-19,122,Instagram,Completed,1,360
338,2025-11-20,123,Instagram,Completed,3,1460
339,2025-11-11,123,WhatsApp,Completed,2,300
340,2025-11-11,123,Instagram,Completed,2,400
341,2026-01-08,124,Website,Completed,1,250
342,2025-12-26,124,WhatsApp,Completed,1,230
343,2026-01-08,124,Instagram,Completed,2,100
344,2026-01-06,124,WhatsApp,Completed,1,150
345,2025-02-06,125,Instagram,Completed,4,1180
346,2025-12-27,125,WhatsApp,Completed,2,460
347,2025-11-23,125,Website,Completed,2,2000
348,2024-09-15,125,Instagram,Completed,2,700
349,2025-06-30,126,Website,Completed,2,480
350,2025-12-09,127,WhatsApp,Completed,2,800
351,2025-08-28,127,Instagram,Completed,1,350
352,2025-12-19,128,Website,Completed,2,540
353,2025-10-31,128,WhatsApp,Completed,4,1520
354,2025-08-14,128,WhatsApp,Completed,2,400
355,2025-11-02,128,Instagram,Completed,3,600
356,2025-12-19,128,Website,Completed,5,3800
357,2026-01-18,129,Instagram,Completed,2,100
358,2026-01-04,129,WhatsApp,Completed,1,350
359,2026-01-10,129,Website,Completed,4,700
360,2025-12-13,130,WhatsApp,Completed,2,400
361,2025-11-28,130,WhatsApp,Completed,1,200
362,2025-12-16,130,WhatsApp,Completed,3,650
363,2025-12-04,131,Website,Completed,1,180
364,2025-12-17,131,WhatsApp,Completed,3,710
365,2026-01-03,131,WhatsApp,Completed,1,240
366,2025-04-15,132,Website,Completed,2,280
367,2025-12-03,132,WhatsApp,Completed,1,400
368,2025-01-31,132,Instagram,Completed,3,740
369,2025-08-20,133,WhatsApp,Completed,1,290
370,2025-06-02,133,WhatsApp,Completed,3,650
371,2024-10-13,133,WhatsApp,Completed,1,220
372,2025-07-30,133,WhatsApp,Completed,1,240
373,2026-01-25,134,Website,Completed,3,750
374,2026-01-26,134,Instagram,Completed,1,225
375,2026-01-21,135,Instagram,Completed,3,1010
376,2025-12-15,136,Website,Completed,3,600
377,2025-10-17,136,Instagram,Completed,2,2000
378,2025-08-16,136,WhatsApp,Completed,2,450
379,2025-06-01,136,Instagram,Completed,1,300
380,2025-05-06,137,WhatsApp,Completed,1,200
381,2025-02-15,137,WhatsApp,Completed,2,700
382,2026-01-18,138,Website,Completed,2,400
383,2025-10-10,138,Instagram,Completed,3,1100
384,2025-11-28,138,Website,Completed,3,1080
385,2026-01-21,139,WhatsApp,Completed,2,440
386,2025-11-30,139,Website,Completed,1,200
387,2025-12-31,140,Website,Completed,4,800
388,2025-03-13,140,WhatsApp,Completed,2,100
389,2025-08-11,140,WhatsApp,Completed,2,400
390,2025-04-19,140,Website,Completed,2,500
391,2025-05-18,140,WhatsApp,Completed,1,300
392,2025-03-10,140,WhatsApp,Completed,1,290
393,2026-01-01,140,WhatsApp,Completed,2,350
394,2025-12-24,141,Instagram,Completed,3,720
395,2025-12-31,141,WhatsApp,Completed,5,2540
396,2026-01-08,141,Website,Completed,2,700
397,2026-01-05,141,Instagram,Completed,1,50
398,2025-07-05,142,Website,Completed,3,520
399,2025-06-01,142,WhatsApp,Completed,1,300
400,2025-04-10,142,WhatsApp,Completed,3,880
401,2025-02-06,142,WhatsApp,Completed,3,290
402,2026-01-22,143,WhatsApp,Completed,3,890
403,2026-01-07,143,Instagram,Completed,2,380
404,2026-01-07,143,Instagram,Completed,2,700
405,2025-12-06,143,WhatsApp,Completed,2,140
406,2025-12-19,143,Website,Completed,3,1400
407,2025-12-30,144,WhatsApp,Completed,1,180
408,2025-02-16,145,Website,Completed,2,540
409,2025-04-29,145,WhatsApp,Completed,2,160
410,2025-08-13,145,Instagram,Completed,2,530
411,2026-01-11,146,Instagram,Completed,2,450
412,2024-06-09,147,WhatsApp,Completed,1,150
413,2025-08-18,147,WhatsApp,Completed,1,180
414,2025-07-07,147,Instagram,Completed,2,390
415,2024-12-25,148,Instagram,Completed,2,425
416,2025-07-29,148,Website,Completed,4,860
417,2025-05-17,148,Instagram,Completed,1,230
418,2026-01-07,149,WhatsApp,Completed,2,470
419,2025-10-25,149,WhatsApp,Completed,2,700
420,2025-08-15,149,Website,Completed,1,1000
421,2025-08-24,150,Instagram,Completed,1,250
422,2026-01-17,150,WhatsApp,Completed,4,1300
423,2024-06-29,150,Website,Completed,1,300
424,2025-09-01,150,Website,Completed,2,800
425,2026-01-16,151,Website,Completed,1,290
426,2026-01-16,151,WhatsApp,Completed,1,360
427,2025-11-20,151,Website,Completed,1,240
428,2025-11-24,151,Instagram,Completed,4,1060
429,2024-09-27,152,WhatsApp,Completed,1,240
430,2024-09-29,152,Instagram,Completed,1,200
431,2026-01-27,153,WhatsApp,Completed,2,290
432,2026-01-27,153,Instagram,Completed,2,480
433,2026-01-27,153,WhatsApp,Completed,1,230
434,2025-10-27,154,WhatsApp,Completed,1,225
435,2025-12-23,154,Instagram,Completed,2,400
436,2026-01-06,154,Instagram,Completed,2,360
437,2025-10-15,155,Instagram,Completed,5,1030
438,2025-06-29,155,WhatsApp,Completed,1,70
439,2025-01-22,156,WhatsApp,Completed,2,480
440,2025-09-13,157,Website,Completed,2,540
441,2025-10-20,157,Website,Completed,4,800
442,2025-05-15,157,Website,Completed,2,2000
443,2024-07-11,158,Instagram,Completed,3,230
444,2026-01-11,158,Website,Completed,1,80
445,2026-01-08,159,Instagram,Completed,2,490
446,2026-01-19,159,WhatsApp,Completed,2,720
447,2025-08-16,160,Instagram,Completed,1,70
448,2025-10-30,160,Instagram,Completed,1,200
449,2025-10-16,160,Instagram,Completed,2,140
450,2025-06-18,161,Website,Completed,2,2000
451,2025-10-11,161,Website,Completed,2,580
452,2024-08-31,162,WhatsApp,Completed,2,250
453,2025-11-04,162,Website,Completed,1,350
454,2024-07-25,162,Website,Completed,2,250
455,2024-09-04,162,Website,Completed,2,400
456,2025-09-18,163,WhatsApp,Completed,2,140
457,2024-11-13,163,Instagram,Completed,5,1780
458,2024-12-01,163,Website,Completed,1,150
459,2025-01-24,163,WhatsApp,Completed,1,70
460,2025-07-04,164,Website,Completed,2,515
461,2025-11-07,164,Instagram,Completed,2,450
462,2025-12-06,164,Website,Completed,2,460
463,2025-04-20,165,Instagram,Completed,2,140
464,2025-03-22,165,WhatsApp,Completed,1,200
465,2025-08-24,165,Website,Completed,1,150
466,2025-09-06,165,Website,Completed,2,760
467,2025-10-28,166,Instagram,Completed,2,160
468,2025-12-05,166,WhatsApp,Completed,2,400
469,2025-06-26,166,WhatsApp,Completed,3,350
470,2025-07-03,166,Instagram,Completed,3,960
471,2026-01-23,166,Website,Completed,2,720
472,2024-09-16,167,Website,Completed,1,180
473,2025-12-16,167,Website,Completed,2,2000
474,2025-11-14,167,Website,Completed,2,480
475,2025-05-08,167,Instagram,Completed,2,400
476,2024-10-01,167,WhatsApp,Completed,2,2000
477,2025-09-10,167,WhatsApp,Completed,3,710
478,2025-12-06,167,Instagram,Completed,2,2000
479,2025-04-04,168,WhatsApp,Completed,4,840
480,2024-07-12,168,Instagram,Completed,1,80
481,2025-08-13,169,WhatsApp,Completed,3,850
482,2025-11-18,169,Website,Completed,1,50
483,2025-10-13,169,Instagram,Completed,2,400
484,2026-01-12,170,Instagram,Completed,2,400
485,2026-01-17,170,Website,Completed,4,800
486,2026-01-18,170,Instagram,Completed,2,400
487,2026-01-11,170,Instagram,Completed,1,250
488,2025-07-05,173,WhatsApp,Completed,2,440
489,2024-10-01,173,Instagram,Completed,2,480
490,2025-02-22,173,Instagram,Completed,1,360
491,2025-04-21,173,Instagram,Completed,2,500
492,2025-11-28,174,Instagram,Completed,1,1000
493,2025-12-11,174,Instagram,Completed,2,440
494,2026-01-24,175,Instagram,Completed,3,410
495,2026-01-22,175,Instagram,Completed,1,50
496,2025-12-31,175,WhatsApp,Completed,1,360
497,2025-10-09,176,WhatsApp,Completed,5,3200
498,2026-01-22,176,Website,Completed,2,495
499,2025-07-15,176,WhatsApp,Completed,1,150
500,2025-08-08,176,WhatsApp,Completed,1,1000
501,2025-12-27,176,WhatsApp,Completed,3,670
502,2025-09-07,176,WhatsApp,Completed,1,350
503,2025-12-17,177,WhatsApp,Completed,4,1250
504,2024-07-12,177,Website,Completed,1,200
505,2024-11-29,177,Website,Completed,1,70
506,2025-04-11,177,Instagram,Completed,1,150
507,2025-09-29,178,Website,Completed,2,580
508,2025-11-03,178,WhatsApp,Completed,5,1680
509,2025-10-27,179,WhatsApp,Completed,1,225
510,2026-01-06,179,Instagram,Completed,2,700
511,2025-09-19,179,Website,Completed,2,500
512,2025-12-27,179,Instagram,Completed,5,1080
513,2025-10-16,179,WhatsApp,Completed,1,400
514,2025-07-19,180,WhatsApp,Completed,3,540
515,2024-10-17,180,WhatsApp,Completed,1,300
516,2025-04-02,180,WhatsApp,Completed,2,500
517,2025-12-12,183,Instagram,Completed,3,410
518,2025-12-04,183,Website,Completed,5,1440
519,2024-08-09,184,Website,Completed,1,350
520,2025-11-02,184,Instagram,Completed,1,350
521,2025-06-21,184,WhatsApp,Completed,4,680
522,2025-10-19,185,Website,Completed,3,720
523,2025-05-26,185,WhatsApp,Completed,1,200
524,2026-01-03,186,Instagram,Completed,1,50
525,2026-01-06,186,WhatsApp,Completed,2,295
526,2025-11-16,187,Website,Completed,2,440
527,2026-01-13,187,Website,Completed,1,400
528,2026-01-17,187,Instagram,Completed,4,800
529,2025-12-02,187,WhatsApp,Completed,2,600
530,2025-11-08,187,Website,Completed,3,600
531,2025-11-29,188,WhatsApp,Completed,1,50
532,2025-06-13,188,Website,Completed,2,160
533,2025-09-04,188,WhatsApp,Completed,3,880
534,2025-05-01,189,Instagram,Completed,1,270
535,2025-06-06,189,Instagram,Completed,2,1400
536,2026-01-08,189,Instagram,Completed,1,270
537,2025-09-08,189,WhatsApp,Completed,3,660
538,2025-06-10,189,Instagram,Completed,3,790
539,2025-08-25,190,Website,Completed,2,1300
540,2025-04-01,190,Website,Completed,1,220
541,2025-11-12,190,Website,Completed,2,580
542,2025-04-21,190,WhatsApp,Completed,3,860
543,2025-03-30,190,Instagram,Completed,2,300
544,2025-03-23,190,WhatsApp,Completed,2,100
545,2025-04-03,191,Instagram,Completed,2,500
546,2025-07-29,191,WhatsApp,Completed,1,1000
547,2025-01-30,191,Instagram,Completed,4,520
548,2025-01-08,191,Instagram,Completed,3,720
549,2025-01-07,192,Website,Completed,1,300
550,2025-01-22,192,WhatsApp,Completed,1,180
551,2024-07-17,193,Website,Completed,1,50
552,2025-05-19,194,Website,Completed,2,440
553,2025-03-20,194,Website,Completed,2,700
554,2024-10-11,194,Instagram,Completed,2,550
555,2026-01-24,195,Website,Completed,1,270
556,2026-01-12,195,Website,Completed,1,50
557,2026-01-20,195,Website,Completed,2,700
558,2025-03-10,196,WhatsApp,Completed,2,610
559,2026-01-05,196,WhatsApp,Completed,2,300
560,2026-01-07,196,Instagram,Completed,1,225
561,2025-04-02,196,WhatsApp,Completed,4,240
562,2025-04-02,196,Website,Completed,2,550
563,2025-09-22,197,Website,Completed,2,440
564,2025-06-11,197,Website,Completed,3,960
565,2025-05-12,197,Website,Completed,1,200
566,2025-06-08,197,WhatsApp,Completed,2,400
567,2024-12-16,198,Website,Completed,1,290
568,2025-03-18,198,WhatsApp,Completed,3,630
569,2025-10-10,199,WhatsApp,Completed,5,1140
570,2025-10-14,199,WhatsApp,Completed,4,860
571,2025-04-07,199,WhatsApp,Completed,2,800
572,2025-05-20,199,WhatsApp,Completed,1,270
573,2025-05-12,200,WhatsApp,Completed,4,740
574,2026-01-01,200,Website,Completed,2,400
575,2025-05-16,202,Website,Completed,3,400
576,2025-07-01,202,WhatsApp,Completed,1,240
577,2025-05-09,202,WhatsApp,Completed,1,200
578,2025-07-12,202,Instagram,Completed,1,1000
579,2026-01-05,203,WhatsApp,Completed,1,200
580,2026-01-23,203,Website,Completed,4,1020
581,2025-04-07,204,Website,Completed,1,180
582,2025-04-26,204,WhatsApp,Completed,1,1000
583,2025-04-17,204,Website,Completed,3,520
584,2025-07-03,204,Website,Completed,2,350
585,2025-10-26,204,WhatsApp,Completed,1,230
586,2025-08-17,204,Website,Completed,3,1140
587,2025-12-16,204,Website,Completed,3,3000
588,2025-12-12,205,Instagram,Completed,3,1540
589,2025-12-20,205,Instagram,Completed,1,225
590,2025-12-04,205,WhatsApp,Completed,3,750
591,2026-01-23,206,Instagram,Completed,3,630
592,2026-01-22,206,WhatsApp,Completed,4,900
593,2025-10-11,207,WhatsApp,Completed,2,160
594,2025-06-26,207,Website,Completed,2,520
595,2026-01-10,207,Instagram,Completed,2,100
596,2025-04-25,208,Instagram,Completed,1,220
597,2025-05-17,208,Instagram,Completed,2,600
598,2025-05-09,208,WhatsApp,Completed,1,225
599,2025-06-05,208,Instagram,Completed,1,230
600,2025-09-04,208,WhatsApp,Completed,1,200
601,2025-12-17,208,Website,Completed,3,1200
602,2025-05-16,208,WhatsApp,Completed,1,270
603,2025-02-09,209,Instagram,Completed,4,2800
604,2025-03-11,209,Website,Completed,3,530
605,2025-11-08,209,Website,Completed,2,720
606,2025-03-20,209,Instagram,Completed,2,500
607,2025-06-08,209,WhatsApp,Completed,1,50
608,2025-07-28,209,Website,Completed,1,1000
609,2025-12-19,209,Website,Completed,3,720
610,2025-07-19,209,WhatsApp,Completed,2,300
611,2026-01-18,210,Instagram,Completed,2,550
612,2025-11-30,210,WhatsApp,Completed,1,1000
613,2025-09-28,211,Website,Completed,2,100
614,2025-12-09,211,Website,Completed,5,1080
615,2025-11-01,211,Website,Completed,3,870
616,2025-09-01,212,Instagram,Completed,2,440
617,2025-07-07,212,Instagram,Completed,2,2000
618,2025-03-31,213,Website,Completed,3,1300
619,2024-08-23,213,Website,Completed,2,580
620,2024-08-25,213,Website,Completed,2,590
621,2025-09-08,215,WhatsApp,Completed,1,350
622,2026-01-18,215,Website,Completed,2,420
623,2025-07-15,216,Instagram,Completed,1,200
624,2025-03-11,216,Instagram,Completed,3,730
625,2025-10-16,217,Website,Completed,2,720
626,2025-12-09,217,Website,Completed,2,580
627,2025-08-04,217,Instagram,Completed,4,2700
628,2026-01-06,217,Instagram,Completed,1,225
629,2025-03-11,218,Instagram,Completed,3,670
630,2025-04-11,218,Website,Completed,2,430
631,2025-08-16,218,WhatsApp,Completed,1,200
632,2024-04-04,219,Website,Completed,4,540
633,2025-10-16,219,Instagram,Completed,4,1425
634,2024-11-09,219,Instagram,Completed,4,680
635,2024-07-26,219,WhatsApp,Completed,3,440
636,2025-10-14,219,Website,Completed,2,450
637,2025-10-19,219,Instagram,Completed,2,470
638,2025-10-28,220,WhatsApp,Completed,2,400
639,2025-11-30,220,WhatsApp,Completed,2,220
640,2025-11-05,220,Instagram,Completed,4,970
641,2026-01-19,220,WhatsApp,Completed,3,650
642,2025-02-22,221,WhatsApp,Completed,3,2220
643,2025-11-23,221,Instagram,Completed,2,400
644,2024-12-25,221,WhatsApp,Completed,1,360
645,2026-01-21,222,Instagram,Completed,2,100
646,2026-01-25,222,Website,Completed,3,525
647,2026-01-19,222,Instagram,Completed,3,670
648,2026-01-14,222,WhatsApp,Completed,1,360
649,2025-12-03,223,WhatsApp,Completed,2,400
650,2025-10-08,223,Instagram,Completed,2,360
651,2026-01-15,224,WhatsApp,Completed,2,700
652,2026-01-15,224,WhatsApp,Completed,2,300
653,2025-08-21,225,Instagram,Completed,1,360
654,2025-12-21,225,Website,Completed,1,150
655,2025-10-14,226,WhatsApp,Completed,4,780
656,2025-11-25,226,WhatsApp,Completed,2,360
657,2025-08-16,226,WhatsApp,Completed,1,250
658,2026-01-14,227,WhatsApp,Completed,1,230
659,2025-10-21,227,Instagram,Completed,1,230
660,2025-12-12,227,Instagram,Completed,3,540
661,2025-10-11,227,WhatsApp,Completed,2,580
662,2024-10-02,228,Instagram,Completed,1,250
663,2025-04-11,228,Website,Completed,1,225
664,2024-09-04,228,Instagram,Completed,1,50
665,2025-12-14,229,WhatsApp,Completed,2,520
666,2025-10-15,229,Instagram,Completed,2,720
667,2025-12-15,229,Website,Completed,3,540
668,2025-07-01,229,WhatsApp,Completed,2,100
669,2025-06-11,230,Instagram,Completed,3,740
670,2025-08-03,230,Instagram,Completed,4,1060
671,2025-01-13,231,WhatsApp,Completed,2,720
672,2025-06-02,231,Website,Completed,3,1000
673,2025-11-18,231,Instagram,Completed,5,3580
674,2026-01-23,232,Website,Completed,3,510
675,2024-09-06,232,Instagram,Completed,2,360
676,2025-12-20,232,WhatsApp,Completed,2,600
677,2024-06-09,233,WhatsApp,Completed,2,100
678,2024-09-11,233,Instagram,Completed,1,200
679,2025-06-29,234,WhatsApp,Completed,2,200
680,2025-11-26,234,Website,Completed,4,2080
681,2025-09-16,234,Instagram,Completed,3,510
682,2025-07-18,234,Instagram,Completed,1,200
683,2025-10-12,234,Website,Completed,1,220
684,2025-11-30,234,Website,Completed,1,350
685,2025-05-21,234,Website,Completed,2,520
686,2025-11-10,235,Website,Completed,4,2360
687,2026-01-04,235,Website,Completed,3,710
688,2025-11-16,235,WhatsApp,Completed,2,500
689,2025-04-15,236,Website,Completed,1,180
690,2025-08-21,236,Website,Completed,2,2000
691,2025-07-18,236,Instagram,Completed,2,400
692,2026-01-01,237,Instagram,Completed,4,820
693,2026-01-13,237,WhatsApp,Completed,2,800
694,2026-01-14,237,Instagram,Completed,2,720
695,2025-12-03,237,Website,Completed,1,1000
696,2026-01-26,237,WhatsApp,Completed,3,900
697,2025-12-26,238,Instagram,Completed,2,300
698,2025-12-25,238,Website,Completed,2,450
699,2025-12-27,238,Website,Completed,2,410
700,2026-01-12,238,Instagram,Completed,1,150
701,2026-01-15,238,WhatsApp,Completed,1,290
702,2026-01-05,238,WhatsApp,Completed,2,600
703,2025-12-27,238,Instagram,Completed,1,290
704,2026-01-20,238,Website,Completed,2,500
705,2025-05-12,239,Instagram,Completed,2,2000
706,2024-08-21,239,Instagram,Completed,2,400
707,2025-07-12,239,WhatsApp,Completed,2,350
708,2025-07-26,240,WhatsApp,Completed,2,160
709,2025-12-17,240,Instagram,Completed,2,480
710,2025-03-31,241,Instagram,Completed,3,525
711,2025-04-07,241,Instagram,Completed,3,600
712,2025-02-25,241,Website,Completed,2,420
713,2025-10-06,242,Instagram,Completed,4,1300
714,2025-10-13,242,WhatsApp,Completed,4,900
715,2025-09-04,242,Website,Completed,2,460
716,2025-01-03,243,Instagram,Completed,2,580
717,2025-10-26,243,Website,Completed,4,890
718,2025-06-03,244,Website,Completed,3,840
719,2025-12-20,244,Instagram,Completed,2,360
720,2026-01-25,244,Website,Completed,1,270
721,2025-01-07,244,Instagram,Completed,1,270
722,2025-03-07,245,WhatsApp,Completed,2,160
723,2025-08-27,245,Website,Completed,1,400
724,2025-12-13,245,Website,Completed,4,1340
725,2025-03-14,245,Instagram,Completed,1,350
726,2025-02-03,245,Instagram,Completed,4,1000
727,2025-11-04,245,Instagram,Completed,3,3000
728,2025-12-15,246,Instagram,Completed,2,300
729,2024-12-20,246,Instagram,Completed,3,3000
730,2025-01-26,246,Instagram,Completed,4,700
731,2026-01-21,247,Website,Completed,1,360
732,2025-12-17,248,Instagram,Completed,3,790
733,2025-10-04,249,Instagram,Completed,2,540
734,2025-04-02,249,WhatsApp,Completed,2,140
735,2025-05-04,249,Instagram,Completed,1,180
736,2025-08-28,249,WhatsApp,Completed,2,160
737,2024-11-05,249,Website,Completed,3,665
738,2025-05-11,249,Website,Completed,1,270
739,2025-03-25,249,Website,Completed,3,860
740,2024-10-24,250,Instagram,Completed,3,1440
741,2025-12-25,251,WhatsApp,Completed,2,140
742,2026-01-15,251,Instagram,Completed,2,600
743,2025-12-29,251,WhatsApp,Completed,2,2000
744,2025-03-08,252,WhatsApp,Completed,2,400
745,2026-01-09,252,WhatsApp,Completed,2,300
746,2025-09-30,252,Instagram,Completed,2,2000
747,2024-10-17,252,WhatsApp,Completed,2,480
748,2025-04-02,252,Instagram,Completed,3,940
749,2025-12-19,253,Instagram,Completed,5,1200
750,2025-05-08,253,Website,Completed,2,580
751,2026-01-21,253,Instagram,Completed,1,70
752,2025-07-09,253,WhatsApp,Completed,3,740
753,2025-11-15,254,Instagram,Completed,2,400
754,2026-01-03,255,Instagram,Completed,3,580
755,2025-06-19,256,WhatsApp,Completed,1,200
756,2025-03-14,256,WhatsApp,Completed,2,400
757,2025-07-08,258,WhatsApp,Completed,4,1200
758,2025-08-24,258,WhatsApp,Completed,2,400
759,2024-11-02,258,WhatsApp,Completed,1,80
760,2026-01-23,259,Instagram,Completed,4,740
761,2026-01-23,259,Website,Completed,3,360
762,2026-01-17,259,WhatsApp,Completed,3,450
763,2026-01-17,260,Instagram,Completed,1,200
764,2026-01-21,260,Website,Completed,2,450
765,2026-01-24,260,WhatsApp,Completed,1,150
766,2026-01-15,260,WhatsApp,Completed,2,460
767,2026-01-26,261,Website,Completed,2,450
768,2025-12-26,261,WhatsApp,Completed,3,1120
769,2025-12-27,261,Website,Completed,4,800
770,2025-09-30,262,Instagram,Completed,4,260
771,2024-11-10,262,WhatsApp,Completed,1,220
772,2024-12-26,263,Website,Completed,4,2400
773,2024-12-14,263,WhatsApp,Completed,1,230
774,2025-09-04,264,Website,Completed,3,1440
775,2025-11-16,264,Website,Completed,1,180
776,2024-09-03,264,WhatsApp,Completed,2,160
777,2024-04-07,265,Instagram,Completed,4,900
778,2025-05-02,265,Website,Completed,1,230
779,2024-05-20,265,WhatsApp,Completed,2,340
780,2025-10-02,265,WhatsApp,Completed,2,360
781,2024-10-03,265,Instagram,Completed,2,300
782,2025-03-23,265,WhatsApp,Completed,1,350
783,2024-09-12,266,Instagram,Completed,1,80
784,2025-03-24,266,Website,Completed,2,440
785,2025-09-21,266,Instagram,Completed,4,900
786,2024-08-17,266,WhatsApp,Completed,1,150
787,2024-10-23,266,Website,Completed,4,780
788,2025-02-07,266,WhatsApp,Completed,1,250
789,2025-05-19,266,Instagram,Completed,2,1050
790,2025-04-29,267,Website,Completed,1,300
791,2025-06-20,267,Instagram,Completed,1,220
792,2026-01-09,268,Instagram,Completed,2,700
793,2025-04-29,268,WhatsApp,Completed,2,480
794,2024-11-23,269,Website,Completed,3,730
795,2025-07-06,269,Website,Completed,1,200
796,2025-05-24,269,WhatsApp,Completed,4,540
797,2025-09-20,269,WhatsApp,Completed,2,500
798,2025-01-30,270,WhatsApp,Completed,4,1000
799,2025-04-14,270,Website,Completed,2,510
800,2025-03-11,270,Website,Completed,1,250
801,2025-07-07,271,Instagram,Completed,2,540
802,2025-09-12,272,Instagram,Completed,2,500
803,2025-11-11,272,Instagram,Completed,2,400
804,2026-01-02,272,Website,Completed,2,800
805,2026-01-13,272,Website,Completed,1,150
806,2025-08-24,273,WhatsApp,Completed,3,590
807,2025-07-04,273,WhatsApp,Completed,2,600
808,2026-01-13,273,Instagram,Completed,3,900
809,2024-10-21,274,Instagram,Completed,2,800
810,2025-02-21,274,Website,Completed,1,250
811,2025-12-22,274,WhatsApp,Completed,1,200
812,2025-12-07,274,Website,Completed,4,880
813,2025-09-04,275,Instagram,Completed,1,225
814,2026-01-13,275,Instagram,Completed,2,150
815,2026-01-26,275,WhatsApp,Completed,1,230
816,2025-04-21,275,Instagram,Completed,1,200
817,2025-09-15,275,Instagram,Completed,2,300
818,2025-01-25,276,Website,Completed,4,2400
819,2025-10-30,276,WhatsApp,Completed,2,800
820,2025-10-23,276,WhatsApp,Completed,2,310
821,2025-08-03,277,Website,Completed,3,810
822,2025-09-09,277,Website,Completed,2,100
823,2026-01-07,277,WhatsApp,Completed,3,410
824,2025-07-11,277,Website,Completed,2,530
825,2025-05-06,279,WhatsApp,Completed,1,50
826,2025-12-05,279,Instagram,Completed,3,3000
827,2025-07-16,279,WhatsApp,Completed,1,350
828,2025-12-18,279,WhatsApp,Completed,2,400
829,2026-01-01,279,Website,Completed,2,720
830,2025-05-29,280,WhatsApp,Completed,1,350
831,2025-08-08,280,Instagram,Completed,2,400
832,2025-07-16,280,WhatsApp,Completed,3,800
833,2025-02-15,281,Instagram,Completed,3,800
834,2025-12-23,281,Website,Completed,3,470
835,2025-05-20,281,Website,Completed,3,780
836,2025-01-31,281,WhatsApp,Completed,1,200
837,2025-11-12,282,Instagram,Completed,3,1200
838,2025-06-18,282,WhatsApp,Completed,2,275
839,2024-10-23,282,Instagram,Completed,3,840
840,2025-07-22,282,Instagram,Completed,3,970
841,2024-11-23,282,Website,Completed,1,180
842,2025-08-02,283,Website,Completed,2,430
843,2025-10-14,283,Website,Completed,2,360
844,2025-08-08,283,WhatsApp,Completed,1,300
845,2026-01-10,283,WhatsApp,Completed,4,540
846,2025-09-12,284,Instagram,Completed,3,280
847,2025-12-29,285,Instagram,Completed,3,550
848,2025-05-03,285,Website,Completed,2,300
849,2025-05-14,285,Website,Completed,4,440
850,2025-09-19,285,Instagram,Completed,1,290
851,2025-10-24,285,WhatsApp,Completed,3,600
852,2025-11-14,286,WhatsApp,Completed,2,720
853,2025-01-08,286,WhatsApp,Completed,2,540
854,2026-01-13,287,WhatsApp,Completed,2,360
855,2026-01-14,287,Website,Completed,1,200
856,2026-01-21,287,WhatsApp,Completed,2,400
857,2025-07-15,288,WhatsApp,Completed,2,580
858,2026-01-26,288,WhatsApp,Completed,1,230
859,2025-09-16,289,Website,Completed,1,250
860,2025-12-13,289,WhatsApp,Completed,1,200
861,2025-09-01,289,Instagram,Completed,4,800
862,2025-01-02,291,WhatsApp,Completed,1,200
863,2025-02-15,291,Instagram,Completed,4,800
864,2026-01-07,292,Website,Completed,2,100
865,2025-07-12,292,WhatsApp,Completed,2,540
866,2025-06-15,292,Website,Completed,3,900
867,2025-07-13,292,Website,Completed,3,525
868,2025-01-27,293,Instagram,Completed,3,600
869,2025-10-28,294,WhatsApp,Completed,2,400
870,2025-05-02,294,Website,Completed,1,200
871,2025-03-29,294,Instagram,Completed,2,440
872,2025-06-05,297,Website,Completed,1,360
873,2025-04-19,297,Instagram,Completed,2,300
874,2025-08-21,298,Website,Completed,1,230
875,2025-02-27,298,Instagram,Completed,4,400
876,2024-07-04,299,Website,Completed,2,480
877,2025-07-16,299,Website,Completed,1,225
878,2025-10-19,300,Instagram,Completed,4,2400
879,2025-10-31,300,Website,Completed,2,700
880,2024-10-08,301,WhatsApp,Completed,4,1400
881,2025-12-05,301,WhatsApp,Completed,5,1040
882,2025-07-19,301,WhatsApp,Completed,1,150
883,2025-10-04,303,Website,Completed,1,270
884,2025-12-24,303,Website,Completed,1,230
885,2025-07-25,304,Instagram,Completed,1,290
886,2025-06-23,304,Instagram,Completed,1,200
887,2025-06-30,304,Website,Completed,1,150
888,2024-12-11,305,Instagram,Completed,2,700
889,2025-12-08,305,Instagram,Completed,2,700
890,2026-01-14,306,WhatsApp,Completed,2,700
891,2025-12-03,306,Instagram,Completed,1,250
892,2026-01-23,306,WhatsApp,Completed,3,350
893,2025-12-22,306,Instagram,Completed,2,290
894,2025-12-07,306,Instagram,Completed,2,800
895,2025-06-23,306,Website,Completed,1,220
896,2026-01-20,306,Instagram,Completed,3,620
897,2026-01-19,306,Instagram,Completed,2,280
898,2025-12-06,307,Instagram,Completed,2,400
899,2025-05-20,307,Website,Completed,2,330
900,2025-04-06,307,Instagram,Completed,1,1000
901,2025-08-27,307,Instagram,Completed,3,360
902,2025-10-16,307,Instagram,Completed,1,200
903,2024-10-06,308,Website,Completed,2,720
904,2024-11-15,308,WhatsApp,Completed,2,720
905,2024-10-13,308,Website,Completed,3,540
906,2026-01-24,309,Website,Completed,3,990
907,2025-10-29,309,WhatsApp,Completed,1,70
908,2025-12-15,309,Instagram,Completed,2,2000
909,2025-12-02,309,Instagram,Completed,1,400
910,2026-01-25,309,WhatsApp,Completed,2,360
911,2025-12-26,309,WhatsApp,Completed,2,2000
912,2025-11-19,309,Website,Completed,3,3000
913,2026-01-19,311,Instagram,Completed,1,150
914,2025-10-06,311,WhatsApp,Completed,3,900
915,2025-05-13,311,Instagram,Completed,2,100
916,2025-07-10,311,Instagram,Completed,2,400
917,2026-01-25,312,WhatsApp,Completed,2,300
918,2026-01-13,312,Website,Completed,2,400
919,2026-01-22,313,Website,Completed,2,720
920,2025-12-15,313,WhatsApp,Completed,1,360
921,2025-06-24,313,Instagram,Completed,1,220
922,2025-07-04,314,WhatsApp,Completed,2,400
923,2025-07-02,314,Website,Completed,2,580
924,2025-07-09,314,WhatsApp,Completed,1,200
925,2025-09-22,315,WhatsApp,Completed,3,400
926,2024-12-24,315,WhatsApp,Completed,2,720
927,2024-07-25,315,Website,Completed,2,450
928,2025-03-22,317,Website,Completed,2,160
929,2024-12-27,317,Instagram,Completed,2,2000
930,2025-04-06,317,Instagram,Completed,3,430
931,2026-01-02,319,Website,Completed,3,520
932,2026-01-19,319,Website,Completed,2,440
933,2026-01-19,319,Website,Completed,2,700
934,2026-01-24,319,Instagram,Completed,1,250
935,2026-01-19,319,WhatsApp,Completed,2,490
936,2026-01-14,319,WhatsApp,Completed,1,270
937,2026-01-05,319,WhatsApp,Completed,2,360
938,2026-01-10,320,WhatsApp,Completed,4,1200
939,2026-01-08,320,Website,Completed,1,300
940,2026-01-21,320,WhatsApp,Completed,1,220
941,2026-01-12,321,WhatsApp,Completed,4,1030
942,2025-12-19,321,Instagram,Completed,2,140
943,2025-10-07,321,WhatsApp,Completed,3,1000
944,2024-06-13,322,Website,Completed,1,200
945,2025-11-22,322,Website,Completed,4,2080
946,2025-05-28,323,WhatsApp,Completed,1,150
947,2026-01-18,324,Website,Completed,2,360
948,2025-09-29,326,Website,Completed,2,2000
949,2025-08-04,326,Website,Completed,3,690
950,2025-06-14,326,WhatsApp,Completed,2,1240
951,2025-10-16,326,Instagram,Completed,4,840
952,2026-01-03,327,Website,Completed,4,440
953,2026-01-24,327,Instagram,Completed,1,290
954,2025-10-06,327,WhatsApp,Completed,2,360
955,2025-10-19,328,Instagram,Completed,2,300
956,2025-06-23,328,Instagram,Completed,1,220
957,2025-11-11,329,Instagram,Completed,3,760
958,2025-11-07,329,Instagram,Completed,2,140
959,2026-01-21,330,Instagram,Completed,2,480
960,2026-01-02,330,WhatsApp,Completed,4,2140
961,2026-01-21,330,Website,Completed,1,200
962,2026-01-16,330,Instagram,Completed,4,460
963,2026-01-20,331,WhatsApp,Completed,3,730
964,2026-01-19,331,WhatsApp,Completed,1,80
965,2026-01-22,332,Instagram,Completed,1,360
966,2026-01-10,332,WhatsApp,Completed,1,250
967,2025-10-14,333,WhatsApp,Completed,1,360
968,2024-06-07,333,Instagram,Completed,1,220
969,2025-04-18,333,Website,Completed,1,150
970,2024-08-18,333,Instagram,Completed,1,200
971,2025-02-27,333,Website,Completed,1,180
972,2025-08-12,334,Website,Completed,4,860
973,2025-09-08,334,Instagram,Completed,2,450
974,2025-11-27,334,Instagram,Completed,3,600
975,2025-12-15,334,WhatsApp,Completed,2,660
976,2026-01-19,335,Website,Completed,3,730
977,2026-01-03,335,Instagram,Completed,1,240
978,2026-01-23,335,Instagram,Completed,1,240
979,2026-01-12,335,WhatsApp,Completed,3,630
980,2026-01-21,335,Website,Completed,1,50
981,2026-01-23,335,Website,Completed,1,225
982,2025-08-28,336,WhatsApp,Completed,1,270
983,2025-09-29,336,Website,Completed,1,220
984,2024-08-03,336,Instagram,Completed,2,400
985,2025-10-08,336,Website,Completed,1,200
986,2024-09-02,336,WhatsApp,Completed,1,240
987,2025-12-17,336,WhatsApp,Completed,4,1425
988,2025-12-15,337,WhatsApp,Completed,3,720
989,2024-10-28,337,WhatsApp,Completed,1,150
990,2025-07-28,337,Website,Completed,3,590
991,2025-09-28,338,Website,Completed,2,500
992,2025-04-14,338,Website,Completed,1,200
993,2025-08-28,338,Website,Completed,1,360
994,2025-07-26,338,Website,Completed,3,900
995,2025-04-17,338,Instagram,Completed,1,225
996,2025-06-30,339,Instagram,Completed,2,800
997,2026-01-04,339,WhatsApp,Completed,1,400
998,2026-01-14,339,Instagram,Completed,2,580
999,2025-09-19,340,Instagram,Completed,1,200
1000,2025-02-08,340,Instagram,Completed,3,1200
1001,2024-11-22,340,Website,Completed,3,190
1002,2025-06-15,340,Instagram,Completed,3,700
1003,2025-06-21,341,Website,Completed,1,290
1004,2025-11-01,341,Website,Completed,2,360
1005,2025-03-21,341,Instagram,Completed,1,200
1006,2024-07-03,342,Website,Completed,2,400
1007,2025-09-27,343,WhatsApp,Completed,1,80
1008,2025-10-20,343,Website,Completed,2,700
1009,2025-12-01,344,Instagram,Completed,1,70
1010,2026-01-02,345,WhatsApp,Completed,3,430
1011,2026-01-18,345,Instagram,Completed,1,150
1012,2026-01-21,345,Instagram,Completed,2,220
1013,2026-01-01,345,Website,Completed,1,300
1014,2025-12-19,346,WhatsApp,Completed,1,200
1015,2025-12-29,347,WhatsApp,Completed,3,810
1016,2025-10-08,347,Website,Completed,1,240
1017,2025-02-06,347,Website,Completed,1,290
1018,2024-10-22,347,Website,Completed,4,1220
1019,2025-07-31,348,Website,Completed,1,150
1020,2025-10-18,348,WhatsApp,Completed,3,1070
1021,2025-09-11,349,Website,Completed,2,400
1022,2025-08-12,349,WhatsApp,Completed,2,590
1023,2025-11-19,349,WhatsApp,Completed,3,600
1024,2025-10-17,349,Website,Completed,3,1200
1025,2025-06-23,349,Instagram,Completed,2,600
1026,2025-12-11,349,Website,Completed,2,600
1027,2025-10-02,350,Website,Completed,3,600
1028,2025-05-18,350,Website,Completed,3,740
1029,2025-11-11,350,Instagram,Completed,3,705
1030,2026-01-24,350,WhatsApp,Completed,3,900
